protein,n_present_tears,mean_abundance_tears,n_present_plasma,mean_abundance_plasma,log2FC,class
A0A075B6H7,8,2038633750,269,142951.6065170118,13.799778066546907,tear-enriched
A0A075B6K4,7,20218771.42857143,148,7143.380293253305,11.466598910294959,tear-enriched
A0A075B6K5,8,296381750,167,10844.545360679398,14.738066399671379,tear-enriched
A0A0A0MRZ8,8,1303219375,271,71187.82965583379,14.160069549722664,tear-enriched
A0A0A0MS15,8,224387125,134,5379.97435868676,15.34776294738186,tear-enriched
A0A0C4DH25,5,114640160,235,43939.36915867582,11.349277929969931,tear-enriched
A0A0C4DH35,8,169104875,24,4986.53630065918,15.049231392005266,tear-enriched
A0A0C4DH38,8,57515075,78,1675.6712110470503,15.066052738585174,tear-enriched
A0A0C4DH41,8,194222375,91,12819.736371218503,13.886942673201965,tear-enriched
A0A0J9YX35,8,90079587.5,49,7947.3205255002395,13.468262564330397,tear-enriched
O00151,8,89719325,223,7423.9974725150205,13.560740627215134,tear-enriched
O00299,8,55231512.5,211,9409.961566943128,12.518861903283925,tear-enriched
O00391,8,101352550,287,29438.821542773097,11.74932585467754,tear-enriched
P00338,8,538053375,219,3190.268013453375,17.363259996527457,tear-enriched
P00450,8,601925125,287,1531059.5621869555,8.618908879012793,tear-enriched
P00558,8,259199250,87,1929.3573400097332,17.034834085618442,tear-enriched
P00734,8,44796950,287,1027459.4882948606,5.446245721702205,tear-enriched
P00738,8,1162028625,287,858166.7258836699,10.403098343819341,tear-enriched
P01008,8,97541700,287,842710.6775642422,6.854836204152107,tear-enriched
P01009,8,993476125,248,12622.080174353814,16.264133691175644,tear-enriched
P01011,8,307174250,287,301254.5918240963,9.993853550818791,tear-enriched
P01023,8,522501875,286,572272.8320141772,9.834514862506595,tear-enriched
P01024,8,682587125,287,2183651.7728658537,8.288125925800792,tear-enriched
P01033,8,64301875,129,9135.20018301084,12.780978946286966,tear-enriched
P01034,8,308793500,287,38726.27468032039,12.96100478944107,tear-enriched
P01042,8,100468075,287,957829.986933798,6.712750329500761,tear-enriched
P01591,8,10536391250,275,119022.46938143643,16.433775221932272,tear-enriched
P01597,7,36506842.85714286,72,9308.361802842883,11.937197059572458,tear-enriched
P01599,8,34344962.5,123,5752.722576606564,12.54331526951846,tear-enriched
P01619,8,2864388750,283,97873.01829286177,14.836941849171357,tear-enriched
P01700,8,818522750,179,25263.541798682185,14.9836208815261,tear-enriched
P01766,5,165125800,29,2365.8460988011852,16.09024013453196,tear-enriched
P01780,8,503524125,230,15068.012222422723,15.02818843413446,tear-enriched
P01833,8,13947212500,83,581.7281883883189,24.512578471937374,tear-enriched
P01834,8,14041362500,288,506535.0186979506,14.758658548869814,tear-enriched
P01859,8,6440416250,286,482814.8494966947,13.703393277306681,tear-enriched
P01861,8,201001750,242,32726.94689493731,12.584397347461378,tear-enriched
P01871,8,1867935000,283,734464.1420950199,11.3124626119236,tear-enriched
P01876,8,21781700000,288,1289537.678838094,14.04397388989159,tear-enriched
P02647,8,1221796250,287,9639431.834930314,6.985839739743003,tear-enriched
P02649,8,22502475,287,625516.4385616289,5.1688898377611245,tear-enriched
P02652,4,27646825,287,4561240.845383275,2.5996152893766826,tear-enriched
P02671,8,316313250,287,589413.801926244,9.067854987987417,tear-enriched
P02675,8,287828500,285,1451428.592872807,7.631591055463655,tear-enriched
P02679,8,182550000,284,543875.777498487,8.39079613454739,tear-enriched
P02749,8,47935175,287,1085894.8849085367,5.464127039275198,tear-enriched
P02750,3,7997810,287,705092.4089449042,3.503718888771985,tear-enriched
P02751,8,12045528.75,287,331630.55016366777,5.182772767110311,tear-enriched
P02760,8,134387375,287,510393.07701573387,8.040570319013149,tear-enriched
P02763,8,460876625,287,176001.72156782515,11.354567148165767,tear-enriched
P02765,8,146922875,287,1946997.7173344947,6.237663298214741,tear-enriched
P02768,8,57061675000,288,27670308.82562934,11.009967583436197,tear-enriched
P02774,8,207957625,287,3140489.3246406796,6.049155956073854,tear-enriched
P02787,8,1930745000,287,209983.60986157993,13.166586421440584,tear-enriched
P02790,8,1391542500,287,2970705.2099303138,8.871663321431942,tear-enriched
P04003,8,54566512.5,287,439414.39892067725,6.956286627546479,tear-enriched
P04004,8,256687625,287,588053.7292710148,8.769847604514023,tear-enriched
P04196,8,79960875,287,222921.19782025806,8.486610184858755,tear-enriched
P04217,8,184494375,287,1407699.489492596,7.034092618130035,tear-enriched
P04264,8,2307853750,69,14460.162012072577,17.284008794289477,tear-enriched
P04430,1,6637220,93,4387.181350872081,10.56274044781175,tear-enriched
P05090,8,174081250,287,447961.8566937064,8.602165999357101,tear-enriched
P05109,8,1033675000,201,4642.248448917522,17.764216748719516,tear-enriched
P06312,8,938084125,278,41364.748781053284,14.468992989557346,tear-enriched
P06396,8,121311875,287,562430.8518755444,7.752826776701074,tear-enriched
P06702,8,201048875,273,3541.5884489681257,15.79238287111742,tear-enriched
P06727,8,73175175,287,1182873.79643946,5.950985028431138,tear-enriched
P06733,8,756610250,174,4384.329470404263,17.396505560818078,tear-enriched
P07437,6,10357080,238,12481.869622238544,9.696452115317422,tear-enriched
P07602,8,140810625,155,4370.752513270224,14.975184950940546,tear-enriched
P07737,8,273609375,234,27430.022751636996,13.28402163531611,tear-enriched
P08571,8,49432375,286,19510.264726972247,11.306933239929414,tear-enriched
P09211,8,763952375,116,3138.6153028422386,17.892535382906964,tear-enriched
P0DP23,8,194097000,205,9339.828849531965,14.34286772974338,tear-enriched
P10909,8,999205250,287,550436.7131968641,10.825986023680759,tear-enriched
P11021,8,42678837.5,280,6396.825531441825,12.703651642726927,tear-enriched
P11142,8,383954125,198,3632.797125614051,16.689096549270804,tear-enriched
P14174,8,1036198125,81,2805.2877140751593,18.494205520308206,tear-enriched
P18206,7,18438142.85714286,249,13487.387286940731,10.41675984805007,tear-enriched
P19652,7,45335812,287,90536.31807099984,8.967922870255585,tear-enriched
P19823,8,41852750,287,916029.4503484321,5.513783087996881,tear-enriched
P19827,8,18023337.5,287,233877.20272688917,6.267965049184518,tear-enriched
P22352,8,22623400,286,54216.30524535279,8.704846703276788,tear-enriched
P23528,8,129287512.5,245,19169.673199089208,12.719394327216335,tear-enriched
P25311,8,18815087500,287,893305.4363567074,14.36237531649057,tear-enriched
P26447,8,1617402500,250,6000.190288452149,18.039998640531707,tear-enriched
P29622,8,8125145,287,56648.53034489329,7.16418593131365,tear-enriched
P30041,8,680171875,158,2525.1386597065984,18.038605997819737,tear-enriched
P32119,8,74883125,111,1971.6548855068447,15.212214461385916,tear-enriched
P35527,8,1629276250,74,3159.90901204702,18.97546030193616,tear-enriched
P35858,2,1694930,287,135033.99722173074,3.649821276711073,tear-enriched
P36955,7,41111414.28571428,287,152416.83951028963,8.075363457470505,tear-enriched
P37802,8,420036625,258,20114.933203172313,14.349888843898913,tear-enriched
P43652,8,16136825,287,617673.8537402004,4.707365430244501,tear-enriched
P52907,7,22735014.285714287,113,6436.426171766973,11.78614437202415,tear-enriched
P55058,8,192184750,255,30330.684928744446,12.62938060673549,tear-enriched
P59665,8,2876941250,203,5658.522027452591,18.955424113936544,tear-enriched
P60174,8,340905500,178,18378.052690655997,14.179021851289166,tear-enriched
P61626,8,159240750000,287,15532.231393421984,23.289348249438152,tear-enriched
P61769,8,538775000,281,12075.105038137199,15.445240080680103,tear-enriched
P61981,8,34107712.5,97,2608.292252688064,13.674151881237417,tear-enriched
P62937,8,328259375,230,7192.848120117187,15.47771299258003,tear-enriched
P63104,8,286037250,266,23002.90212932386,13.602036817952849,tear-enriched
P68363,8,106740075,238,17817.94646139706,12.54840228262999,tear-enriched
P68366,8,233519375,184,6524.438037043033,15.127107985690289,tear-enriched
P68371,8,272864125,155,9828.985067256805,14.760633982505855,tear-enriched
P78417,8,82533512.5,184,9412.333160151606,13.09798678137141,tear-enriched
P80748,8,40754287.5,88,4323.648162668402,13.202081493861627,tear-enriched
P81605,7,238968285.7142857,77,6738.369287267908,15.113846065254881,tear-enriched
P98160,8,210967500,244,9727.65072631836,14.404421516581024,tear-enriched
Q01518,8,68589687.5,161,50051.065044142444,10.420346395460456,tear-enriched
Q04917,7,12683040,74,2672.6825716173325,12.211784885942826,tear-enriched
Q08380,8,360453625,287,36307.05571255036,13.277236365427077,tear-enriched
Q14247,8,21572850,83,5353.272248601339,11.976238733140423,tear-enriched
Q14515,8,31603275,174,6141.52480816019,12.32895471638004,tear-enriched
Q14624,8,43440937.5,287,168187.2925859511,8.01283417673232,tear-enriched
Q15084,4,35193700,68,1482.5194975909064,14.534005728685361,tear-enriched
Q96PD5,7,12143800,287,70453.68758336508,7.4293086423332255,tear-enriched
Q9BR76,8,42548687.5,43,1350.4287748115007,14.942341564593365,tear-enriched
