protein,n_present,mean_abundance
A0A075B6H7,8,2038633750
A0A075B6K4,7,20218771.42857143
A0A075B6K5,8,296381750
A0A075B6P5,8,725880500
A0A075B6S5,8,52534875
A0A075B6S6,4,9604880
A0A0A0MRZ8,8,1303219375
A0A0A0MS15,8,224387125
A0A0B4J1X5,8,961683500
A0A0B4J2D9,8,75345962.5
A0A0C4DH25,5,114640160
A0A0C4DH29,8,77878961.25
A0A0C4DH31,8,1126485225
A0A0C4DH35,8,169104875
A0A0C4DH38,8,57515075
A0A0C4DH41,8,194222375
A0A0C4DH72,8,46824675
A0A0J9YX35,8,90079587.5
A0A2R8Y4L2,6,18783750
A0M8Q6,8,4044923750
A5A3E0,8,739826750
A6NIZ1,1,3705190
A6NM10,2,16833550
B9A064,8,6821872500
O00148,7,19680585.714285713
O00151,8,89719325
O00299,8,55231512.5
O00391,8,101352550
O00560,7,15633400
O00584,8,34585462.5
O14745,8,31348537.5
O14818,7,7542967.142857143
O14907,8,13026587.5
O14950,8,97615775
O43175,8,38957900
O43242,5,3729926
O43488,6,6291016.666666667
O43653,5,44284660
O43707,8,128468000
O60437,4,5555512.5
O60664,8,26304887.5
O60814,8,62477346.25
O60888,8,72388375
O75083,8,175235500
O75368,8,19427675
O75556,8,28167725000
O75629,2,4569360
O75874,8,165755875
O95239,0,NA
O95336,8,88746125
O95834,8,31200100
O95968,8,12425812500
O95994,8,113950812.5
P00326,8,105070725
P00338,8,538053375
P00350,0,NA
P00352,8,449151750
P00363,0,NA
P00370,0,NA
P00390,8,237824625
P00393,0,NA
P00403,5,60392240
P00441,8,88916012.5
P00448,1,9487110
P00450,8,601925125
P00452,0,NA
P00490,0,NA
P00509,0,NA
P00550,0,NA
P00558,8,259199250
P00561,0,NA
P00562,0,NA
P00579,0,NA
P00582,0,NA
P00722,0,NA
P00734,8,44796950
P00738,8,1162028625
P00747,8,64193237.5
P00751,8,56079025
P00805,0,NA
P00864,0,NA
P00887,0,NA
P00934,0,NA
P00946,0,NA
P00954,0,NA
P00956,0,NA
P00957,0,NA
P00959,0,NA
P00960,0,NA
P00961,0,NA
P00962,0,NA
P00963,0,NA
P00966,8,178382875
P00968,0,NA
P01008,8,97541700
P01009,8,993476125
P01011,8,307174250
P01019,8,38714731.25
P01023,8,522501875
P01024,8,682587125
P01033,8,64301875
P01034,8,308793500
P01036,8,8844866250
P01037,8,853486000
P01042,8,100468075
P01591,8,10536391250
P01593,8,55158825
P01597,7,36506842.85714286
P01599,8,34344962.5
P01619,8,2864388750
P01624,6,97171300
P01700,8,818522750
P01721,8,35449600
P01743,8,24728025
P01766,5,165125800
P01780,8,503524125
P01833,8,13947212500
P01834,8,14041362500
P01859,8,6440416250
P01860,8,331041375
P01861,8,201001750
P01871,8,1867935000
P01876,8,21781700000
P01877,5,5552656
P01893,6,61327083.333333336
P02358,0,NA
P02359,0,NA
P02413,0,NA
P02452,0,NA
P02533,8,370253625
P02538,8,369224375
P02545,8,20672950
P02647,8,1221796250
P02649,8,22502475
P02652,4,27646825
P02656,8,28191362.5
P02671,8,316313250
P02675,8,287828500
P02679,8,182550000
P02748,8,15005237.5
P02749,8,47935175
P02750,3,7997810
P02751,8,12045528.75
P02760,8,134387375
P02763,8,460876625
P02765,8,146922875
P02766,7,23313085.714285713
P02768,8,57061675000
P02774,8,207957625
P02787,8,1930745000
P02788,8,92297112500
P02790,8,1391542500
P02814,8,263850000
P02924,0,NA
P02925,0,NA
P03018,0,NA
P03841,0,NA
P03973,8,1533540000
P04003,8,54566512.5
P04004,8,256687625
P04036,0,NA
P04075,8,310098875
P04079,0,NA
P04080,8,136546000
P04083,8,972200000
P04114,8,35561137.5
P04155,8,69446712.5
P04196,8,79960875
P04217,8,184494375
P04264,8,2307853750
P04335,0,NA
P04406,8,1364610000
P04425,0,NA
P04430,1,6637220
P04632,8,216853625
P04693,0,NA
P04792,8,2227881250
P04805,0,NA
P04825,0,NA
P04846,0,NA
P04908,8,1585278750
P04951,0,NA
P04982,0,NA
P04983,0,NA
P05023,8,13804521.25
P05026,7,27216342.85714286
P05042,0,NA
P05055,0,NA
P05090,8,174081250
P05109,8,1033675000
P05155,8,80779262.5
P05164,8,54283625
P05194,0,NA
P05387,8,29962012.5
P05459,0,NA
P05783,8,16716800
P05787,8,281104500
P05791,0,NA
P05793,0,NA
P06149,0,NA
P06312,8,938084125
P06396,8,121311875
P06576,8,18170525
P06610,0,NA
P06612,0,NA
P06702,8,201048875
P06703,2,2669785000
P06715,0,NA
P06720,0,NA
P06721,0,NA
P06727,8,73175175
P06733,8,756610250
P06737,6,107246133.33333333
P06744,8,41370625
P06959,0,NA
P06961,0,NA
P06968,0,NA
P06983,0,NA
P06986,0,NA
P06987,0,NA
P06988,0,NA
P06992,0,NA
P06999,2,1330510
P07003,0,NA
P07004,0,NA
P07012,0,NA
P07014,0,NA
P07023,0,NA
P07024,0,NA
P07118,0,NA
P07195,1,832613
P07203,8,61941737.5
P07237,8,26505350
P07339,8,194245875
P07355,8,777738375
P07384,8,211736000
P07395,0,NA
P07437,6,10357080
P07464,0,NA
P07477,0,NA
P07602,8,140810625
P07604,0,NA
P07639,0,NA
P07650,0,NA
P07711,8,23222637.5
P07737,8,273609375
P07741,8,75479025
P07762,0,NA
P07813,0,NA
P07858,8,296279750
P07862,0,NA
P07900,8,75786587.5
P07913,0,NA
P08174,7,22412014.285714287
P08178,0,NA
P08179,0,NA
P08192,0,NA
P08194,0,NA
P08200,0,NA
P08238,7,35948328.571428575
P08246,7,7593874.285714285
P08311,8,73168575
P08312,0,NA
P08390,0,NA
P08506,0,NA
P08571,8,49432375
P08603,8,72369362.5
P08622,0,NA
P08670,8,9881348.75
P08727,8,2541303750
P08729,8,219511375
P08758,8,156575250
P08779,8,54363437.5
P08839,0,NA
P08865,8,28315937.5
P08957,0,NA
P08997,0,NA
P09030,0,NA
P09053,0,NA
P09127,0,NA
P09147,0,NA
P09148,0,NA
P09151,0,NA
P09158,0,NA
P09211,8,763952375
P09228,8,156475500
P09323,0,NA
P09372,0,NA
P09373,0,NA
P09394,0,NA
P09424,0,NA
P09467,8,33949237.5
P09525,8,26277137.5
P09546,0,NA
P09551,0,NA
P09758,8,22949162.5
P09831,0,NA
P09832,0,NA
P09960,7,17968700
P0A698,0,NA
P0A6A3,0,NA
P0A6A6,0,NA
P0A6A8,0,NA
P0A6B4,0,NA
P0A6B7,0,NA
P0A6D0,0,NA
P0A6D3,0,NA
P0A6D7,0,NA
P0A6E4,0,NA
P0A6E6,0,NA
P0A6F1,0,NA
P0A6F3,0,NA
P0A6F5,0,NA
P0A6F9,0,NA
P0A6G3,0,NA
P0A6G7,0,NA
P0A6H1,0,NA
P0A6H5,0,NA
P0A6I0,0,NA
P0A6I3,0,NA
P0A6J5,0,NA
P0A6J8,0,NA
P0A6K1,0,NA
P0A6K3,0,NA
P0A6K6,0,NA
P0A6L0,0,NA
P0A6L2,0,NA
P0A6M8,0,NA
P0A6N4,0,NA
P0A6N8,0,NA
P0A6P1,0,NA
P0A6P5,0,NA
P0A6P7,0,NA
P0A6P9,0,NA
P0A6Q3,0,NA
P0A6R0,0,NA
P0A6S7,0,NA
P0A6T1,0,NA
P0A6T5,0,NA
P0A6U5,0,NA
P0A6U8,0,NA
P0A6V1,0,NA
P0A6V8,0,NA
P0A6W5,0,NA
P0A6W9,0,NA
P0A6X7,0,NA
P0A6Y1,0,NA
P0A6Y5,0,NA
P0A6Y8,0,NA
P0A6Z1,0,NA
P0A6Z3,0,NA
P0A705,0,NA
P0A707,0,NA
P0A715,0,NA
P0A717,0,NA
P0A722,0,NA
P0A725,0,NA
P0A729,0,NA
P0A734,0,NA
P0A742,0,NA
P0A744,0,NA
P0A749,0,NA
P0A759,0,NA
P0A761,0,NA
P0A763,0,NA
P0A780,0,NA
P0A784,0,NA
P0A786,0,NA
P0A794,0,NA
P0A796,0,NA
P0A799,0,NA
P0A7A2,0,NA
P0A7A9,0,NA
P0A7B1,0,NA
P0A7B5,0,NA
P0A7B8,0,NA
P0A7C2,0,NA
P0A7C6,0,NA
P0A7D1,0,NA
P0A7D4,0,NA
P0A7D7,0,NA
P0A7E1,0,NA
P0A7E5,0,NA
P0A7F3,0,NA
P0A7G6,0,NA
P0A7I0,0,NA
P0A7I4,0,NA
P0A7J3,0,NA
P0A7J7,0,NA
P0A7K2,0,NA
P0A7K6,0,NA
P0A7L0,0,NA
P0A7L3,0,NA
P0A7L8,0,NA
P0A7M2,1,80653900
P0A7M6,0,NA
P0A7M9,0,NA
P0A7N4,0,NA
P0A7N9,0,NA
P0A7R1,0,NA
P0A7R5,0,NA
P0A7R9,0,NA
P0A7S3,0,NA
P0A7S9,0,NA
P0A7T3,0,NA
P0A7T7,0,NA
P0A7U3,0,NA
P0A7U7,0,NA
P0A7V0,0,NA
P0A7V3,0,NA
P0A7V8,0,NA
P0A7W1,0,NA
P0A7W7,0,NA
P0A7X3,0,NA
P0A7X6,0,NA
P0A7Y8,0,NA
P0A7Z0,0,NA
P0A7Z4,0,NA
P0A800,0,NA
P0A805,0,NA
P0A812,0,NA
P0A817,0,NA
P0A821,0,NA
P0A825,0,NA
P0A832,0,NA
P0A836,0,NA
P0A840,0,NA
P0A847,0,NA
P0A850,0,NA
P0A853,0,NA
P0A855,0,NA
P0A858,0,NA
P0A862,0,NA
P0A867,0,NA
P0A870,0,NA
P0A873,0,NA
P0A877,0,NA
P0A879,0,NA
P0A881,0,NA
P0A884,0,NA
P0A8A0,0,NA
P0A8A2,0,NA
P0A8A8,0,NA
P0A8B5,0,NA
P0A8C4,0,NA
P0A8D6,0,NA
P0A8E1,0,NA
P0A8E7,0,NA
P0A8F0,0,NA
P0A8F8,0,NA
P0A8G3,0,NA
P0A8G6,0,NA
P0A8G9,0,NA
P0A8H6,0,NA
P0A8H8,0,NA
P0A8I5,0,NA
P0A8J2,7,6770082857.142858
P0A8J4,0,NA
P0A8J8,0,NA
P0A8K5,0,NA
P0A8L1,0,NA
P0A8M0,0,NA
P0A8M3,0,NA
P0A8M6,0,NA
P0A8N3,0,NA
P0A8N5,0,NA
P0A8P3,0,NA
P0A8R0,0,NA
P0A8R4,0,NA
P0A8S1,0,NA
P0A8T1,0,NA
P0A8T7,0,NA
P0A8V0,0,NA
P0A8V2,1,7776340
P0A8W2,0,NA
P0A8W8,0,NA
P0A8X0,0,NA
P0A8X2,0,NA
P0A8Y3,0,NA
P0A8Y5,0,NA
P0A905,0,NA
P0A910,0,NA
P0A940,0,NA
P0A953,0,NA
P0A955,0,NA
P0A962,0,NA
P0A972,0,NA
P0A991,0,NA
P0A993,0,NA
P0A9A6,0,NA
P0A9A9,0,NA
P0A9B2,0,NA
P0A9C0,0,NA
P0A9C3,0,NA
P0A9C5,0,NA
P0A9C9,0,NA
P0A9D2,0,NA
P0A9D4,0,NA
P0A9D8,0,NA
P0A9F3,0,NA
P0A9G2,0,NA
P0A9G6,0,NA
P0A9H1,0,NA
P0A9J0,0,NA
P0A9J6,0,NA
P0A9J8,0,NA
P0A9K3,0,NA
P0A9K9,0,NA
P0A9L3,0,NA
P0A9L8,0,NA
P0A9M0,0,NA
P0A9M2,0,NA
P0A9M5,0,NA
P0A9M8,0,NA
P0A9N4,0,NA
P0A9P0,0,NA
P0A9P4,0,NA
P0A9Q1,0,NA
P0A9Q5,0,NA
P0A9Q7,0,NA
P0A9Q9,0,NA
P0A9R4,0,NA
P0A9S1,0,NA
P0A9T0,0,NA
P0A9U3,0,NA
P0A9W3,0,NA
P0A9X4,0,NA
P0A9X9,0,NA
P0A9Y6,0,NA
P0A9Z1,0,NA
P0AA04,0,NA
P0AA10,0,NA
P0AA16,0,NA
P0AA25,0,NA
P0AA31,0,NA
P0AA43,0,NA
P0AA89,0,NA
P0AAB6,0,NA
P0AAC0,0,NA
P0AAE0,0,NA
P0AAG0,0,NA
P0AAG8,0,NA
P0AAI3,0,NA
P0AAI5,0,NA
P0AAI9,0,NA
P0AAN5,0,NA
P0AAP3,0,NA
P0AAQ2,0,NA
P0AAR3,0,NA
P0AAT9,0,NA
P0AAV4,0,NA
P0AAV6,0,NA
P0AAX8,0,NA
P0AAZ7,0,NA
P0AB14,0,NA
P0AB24,0,NA
P0AB28,0,NA
P0AB61,0,NA
P0AB65,0,NA
P0AB71,0,NA
P0AB77,0,NA
P0AB80,0,NA
P0AB89,0,NA
P0AB91,0,NA
P0ABA0,0,NA
P0ABA4,0,NA
P0ABA6,0,NA
P0ABB0,0,NA
P0ABB4,0,NA
P0ABC3,0,NA
P0ABC7,0,NA
P0ABD5,0,NA
P0ABD8,0,NA
P0ABF1,0,NA
P0ABF6,0,NA
P0ABH7,0,NA
P0ABH9,0,NA
P0ABJ1,0,NA
P0ABJ9,0,NA
P0ABK5,0,NA
P0ABP8,0,NA
P0ABQ0,0,NA
P0ABQ2,0,NA
P0ABQ4,0,NA
P0ABS1,0,NA
P0ABT2,0,NA
P0ABU2,0,NA
P0ABU5,0,NA
P0ABZ6,0,NA
P0AC02,0,NA
P0AC13,0,NA
P0AC19,0,NA
P0AC33,0,NA
P0AC38,0,NA
P0AC41,0,NA
P0AC51,0,NA
P0AC53,0,NA
P0AC59,0,NA
P0AC62,0,NA
P0AC69,0,NA
P0AC81,0,NA
P0AC84,0,NA
P0AC86,0,NA
P0ACA1,0,NA
P0ACA3,0,NA
P0ACB2,0,NA
P0ACB7,0,NA
P0ACC3,0,NA
P0ACC7,0,NA
P0ACD4,0,NA
P0ACE7,0,NA
P0ACF0,0,NA
P0ACF4,0,NA
P0ACF8,0,NA
P0ACG1,0,NA
P0ACI6,0,NA
P0ACJ0,0,NA
P0ACJ8,0,NA
P0ACQ4,0,NA
P0ACR4,0,NA
P0ACS7,0,NA
P0ACS9,0,NA
P0ACT6,0,NA
P0ACY1,0,NA
P0ACY3,0,NA
P0AD05,0,NA
P0AD33,0,NA
P0AD49,0,NA
P0AD57,0,NA
P0AD59,0,NA
P0AD61,0,NA
P0ADA1,0,NA
P0ADB1,0,NA
P0ADB7,0,NA
P0ADE6,0,NA
P0ADE8,0,NA
P0ADG4,0,NA
P0ADG7,0,NA
P0ADI4,0,NA
P0ADK0,0,NA
P0ADK6,0,NA
P0ADK8,0,NA
P0ADN2,0,NA
P0ADP9,0,NA
P0ADQ2,0,NA
P0ADQ7,0,NA
P0ADR8,0,NA
P0ADS2,0,NA
P0ADS9,0,NA
P0ADT5,0,NA
P0ADU2,0,NA
P0ADU5,0,NA
P0ADV7,0,NA
P0ADW3,0,NA
P0ADX7,0,NA
P0ADY1,0,NA
P0ADY3,0,NA
P0ADY7,0,NA
P0ADZ0,0,NA
P0ADZ4,0,NA
P0ADZ7,0,NA
P0AE01,0,NA
P0AE06,0,NA
P0AE08,0,NA
P0AE12,0,NA
P0AE18,0,NA
P0AE37,0,NA
P0AE48,0,NA
P0AE52,0,NA
P0AE67,0,NA
P0AE88,0,NA
P0AEB2,0,NA
P0AED7,0,NA
P0AEE5,0,NA
P0AEG4,0,NA
P0AEG6,2,2955860
P0AEH3,0,NA
P0AEI1,0,NA
P0AEK2,0,NA
P0AEK4,0,NA
P0AEM9,0,NA
P0AEN1,0,NA
P0AEN8,0,NA
P0AEP3,0,NA
P0AEQ3,0,NA
P0AES2,0,NA
P0AES4,0,NA
P0AES6,0,NA
P0AES9,0,NA
P0AET2,0,NA
P0AET8,0,NA
P0AEU0,0,NA
P0AEU7,0,NA
P0AEW6,0,NA
P0AEW9,0,NA
P0AEX5,0,NA
P0AEX9,3,29792933.333333332
P0AEZ3,0,NA
P0AEZ9,0,NA
P0AF03,0,NA
P0AF08,0,NA
P0AF12,0,NA
P0AF18,0,NA
P0AF20,0,NA
P0AF36,0,NA
P0AF50,0,NA
P0AF67,0,NA
P0AF70,0,NA
P0AF90,0,NA
P0AF93,0,NA
P0AF96,0,NA
P0AFC3,0,NA
P0AFD1,0,NA
P0AFD6,0,NA
P0AFF0,0,NA
P0AFF6,0,NA
P0AFG0,0,NA
P0AFG3,0,NA
P0AFG6,0,NA
P0AFG8,0,NA
P0AFH8,0,NA
P0AFI2,0,NA
P0AFI7,0,NA
P0AFJ1,0,NA
P0AFK0,0,NA
P0AFL3,0,NA
P0AFM2,0,NA
P0AFM4,0,NA
P0AFM6,0,NA
P0AFP6,0,NA
P0AFR4,0,NA
P0AFU8,0,NA
P0AFW0,0,NA
P0AFW4,0,NA
P0AFW8,0,NA
P0AFX9,0,NA
P0AFZ3,0,NA
P0AG07,0,NA
P0AG16,0,NA
P0AG18,0,NA
P0AG20,0,NA
P0AG27,0,NA
P0AG30,0,NA
P0AG44,0,NA
P0AG48,0,NA
P0AG51,0,NA
P0AG55,0,NA
P0AG59,0,NA
P0AG63,0,NA
P0AG67,0,NA
P0AG80,0,NA
P0AG84,0,NA
P0AG86,0,NA
P0AG90,0,NA
P0AGB0,0,NA
P0AGC3,0,NA
P0AGD1,0,NA
P0AGD3,0,NA
P0AGD7,0,NA
P0AGE6,0,NA
P0AGE9,0,NA
P0AGF2,0,NA
P0AGG0,0,NA
P0AGG2,0,NA
P0AGG4,0,NA
P0AGG8,0,NA
P0AGJ5,0,NA
P0AGJ9,0,NA
P0AGK4,0,NA
P0AGK8,0,NA
P0AGL2,0,NA
P0C0L2,0,NA
P0C0L4,8,68539875
P0C0L9,0,NA
P0C0V0,0,NA
P0C7L2,0,NA
P0C8J6,0,NA
P0C8J8,0,NA
P0CE47,0,NA
P0CG19,0,NA
P0CG47,8,84781225
P0DMC7,8,26490225
P0DMV8,8,507350875
P0DOX2,8,65283562500
P0DOX5,8,6900390000
P0DOX7,8,9863881250
P0DP23,8,194097000
P0DTE7,8,10127510
P0DTT0,0,NA
P10121,0,NA
P10371,0,NA
P10378,0,NA
P10408,0,NA
P10599,8,459840625
P10908,0,NA
P10909,8,999205250
P11021,8,42678837.5
P11142,8,383954125
P11216,6,9762211.666666666
P11413,1,27838400
P11447,0,NA
P11454,0,NA
P11557,0,NA
P11586,6,11098606.666666666
P11875,0,NA
P11880,0,NA
P12008,0,NA
P12035,5,160773224
P12273,8,16892375000
P12281,0,NA
P12429,8,82312012.5
P12758,0,NA
P12994,0,NA
P13009,0,NA
P13024,0,NA
P13029,0,NA
P13033,0,NA
P13035,0,NA
P13445,0,NA
P13473,8,33040137.5
P13482,0,NA
P13489,8,130123750
P13639,8,80399050
P13645,8,1006086875
P13646,8,4093570000
P13647,8,1788926250
P13797,8,104734275
P13929,8,355474375
P13987,8,23399100
P14081,0,NA
P14174,8,1036198125
P14176,0,NA
P14550,8,144020375
P14555,8,1246041250
P14618,8,852481875
P14923,7,24298228.57142857
P15034,0,NA
P15042,0,NA
P15047,0,NA
P15067,0,NA
P15078,0,NA
P15104,8,50994162.5
P15254,0,NA
P15288,0,NA
P15311,8,297993125
P15639,0,NA
P15640,0,NA
P15770,0,NA
P15814,8,67705537.5
P15877,0,NA
P15924,4,54449900
P15977,0,NA
P16095,0,NA
P16152,8,58489675
P16384,0,NA
P16456,0,NA
P16659,0,NA
P16700,0,NA
P16703,0,NA
P17115,0,NA
P17117,0,NA
P17169,0,NA
P17655,6,212255833.33333334
P17812,1,5316800
P17846,0,NA
P17854,0,NA
P17931,8,234680250
P17952,0,NA
P18085,5,10346106
P18196,0,NA
P18206,7,18438142.85714286
P18390,0,NA
P18510,8,59866212.5
P18669,8,148704125
P18843,0,NA
P18956,0,NA
P19013,8,1760712500
P19319,0,NA
P19624,0,NA
P19652,7,45335812
P19823,8,41852750
P19827,8,18023337.5
P19926,0,NA
P19971,8,27504100
P20061,8,274489625
P20073,8,12550162.5
P20083,0,NA
P20160,8,24186312.5
P20605,0,NA
P20810,8,14180925
P20966,0,NA
P21151,0,NA
P21165,0,NA
P21170,0,NA
P21177,0,NA
P21179,0,NA
P21338,0,NA
P21367,0,NA
P21499,0,NA
P21507,0,NA
P21513,0,NA
P21599,0,NA
P21645,0,NA
P21888,0,NA
P21889,0,NA
P21926,3,3812203.3333333335
P21964,8,25600050
P21980,8,354927750
P22079,8,259488375
P22106,0,NA
P22186,0,NA
P22188,0,NA
P22255,0,NA
P22256,0,NA
P22259,0,NA
P22314,8,68399912.5
P22333,0,NA
P22352,8,22623400
P22523,0,NA
P22524,0,NA
P22528,8,63401775
P22626,5,18058880
P22939,0,NA
P23200,0,NA
P23331,0,NA
P23367,0,NA
P23522,0,NA
P23524,0,NA
P23526,8,73767112.5
P23528,8,129287512.5
P23538,0,NA
P23721,0,NA
P23827,0,NA
P23830,0,NA
P23836,0,NA
P23839,0,NA
P23843,0,NA
P23847,0,NA
P23857,0,NA
P23865,0,NA
P23869,0,NA
P23882,0,NA
P23883,0,NA
P23893,0,NA
P23908,0,NA
P23909,0,NA
P23917,0,NA
P24171,0,NA
P24182,0,NA
P24186,0,NA
P24202,0,NA
P24203,0,NA
P24215,0,NA
P24255,0,NA
P25311,8,18815087500
P25437,0,NA
P25516,0,NA
P25519,0,NA
P25522,0,NA
P25526,0,NA
P25536,0,NA
P25539,0,NA
P25552,0,NA
P25553,0,NA
P25705,0,NA
P25714,0,NA
P25738,0,NA
P25745,0,NA
P25774,7,7128141.428571428
P25786,7,23621057.14285714
P25787,3,4252726.666666667
P25789,1,22990900
P25894,0,NA
P25906,0,NA
P26447,8,1617402500
P26612,0,NA
P26616,0,NA
P26646,0,NA
P27248,0,NA
P27250,0,NA
P27298,0,NA
P27302,0,NA
P27306,0,NA
P27348,8,53696730
P27431,0,NA
P27434,0,NA
P27482,8,11308667.5
P27487,7,14482600
P27550,0,NA
P27797,8,39848762.5
P27824,8,11155926.25
P27829,0,NA
P27833,0,NA
P28304,0,NA
P28325,8,40956825
P28838,6,27203150
P28904,0,NA
P29012,0,NA
P29217,0,NA
P29401,8,85024237.5
P29622,8,8125145
P29680,0,NA
P29745,0,NA
P30011,0,NA
P30041,8,680171875
P30043,8,16607287.5
P30044,8,824715125
P30046,7,9317614.285714285
P30085,8,230657250
P30086,8,323316250
P30101,8,52418575
P30125,0,NA
P30177,0,NA
P30740,8,341693000
P30748,0,NA
P30838,8,457337000
P30850,0,NA
P30870,0,NA
P30958,0,NA
P31025,8,174694750000
P31057,0,NA
P31063,0,NA
P31120,0,NA
P31130,0,NA
P31131,0,NA
P31142,0,NA
P31151,7,46513671.428571425
P31224,0,NA
P31441,0,NA
P31658,0,NA
P31663,0,NA
P31677,0,NA
P31678,0,NA
P31697,0,NA
P31806,0,NA
P31808,0,NA
P31941,3,57866533.333333336
P31946,8,6388963.75
P31947,8,766443625
P31949,8,218140625
P31979,0,NA
P32119,8,74883125
P32157,0,NA
P32162,0,NA
P32173,0,NA
P32455,5,4619436
P32664,0,NA
P32695,0,NA
P33136,0,NA
P33195,0,NA
P33218,0,NA
P33219,0,NA
P33221,0,NA
P33362,0,NA
P33363,0,NA
P33368,0,NA
P33570,0,NA
P33599,0,NA
P33602,0,NA
P33643,0,NA
P33920,0,NA
P34096,8,50628387.5
P34209,0,NA
P34931,8,202805375
P34932,4,9881950
P35321,7,8289935.714285715
P35326,2,16925250
P35340,0,NA
P35527,8,1629276250
P35579,8,43867725
P35858,2,1694930
P35908,8,240223375
P36659,0,NA
P36683,0,NA
P36767,0,NA
P36929,0,NA
P36938,0,NA
P36952,8,151583250
P36955,7,41111414.28571428
P37051,0,NA
P37095,0,NA
P37128,0,NA
P37329,0,NA
P37330,0,NA
P37344,0,NA
P37349,0,NA
P37387,0,NA
P37440,0,NA
P37613,0,NA
P37634,0,NA
P37645,0,NA
P37647,0,NA
P37648,0,NA
P37666,0,NA
P37685,0,NA
P37689,0,NA
P37744,0,NA
P37747,0,NA
P37749,0,NA
P37750,0,NA
P37759,0,NA
P37765,0,NA
P37769,0,NA
P37773,0,NA
P37774,0,NA
P37802,8,420036625
P37902,0,NA
P37903,0,NA
P38038,0,NA
P38489,0,NA
P38521,0,NA
P38567,0,NA
P39099,0,NA
P39160,0,NA
P39173,0,NA
P39176,0,NA
P39187,0,NA
P39199,0,NA
P39265,0,NA
P39286,0,NA
P39315,0,NA
P39325,0,NA
P39332,0,NA
P39334,0,NA
P39342,0,NA
P39353,0,NA
P39406,0,NA
P39451,0,NA
P39829,0,NA
P39831,0,NA
P40120,0,NA
P40121,8,72301012.5
P40191,0,NA
P40394,8,297062250
P40874,0,NA
P40925,8,121506375
P40926,8,28807312.5
P41039,0,NA
P41407,0,NA
P42588,0,NA
P42593,0,NA
P42599,0,NA
P42620,0,NA
P42641,0,NA
P42904,0,NA
P43034,7,5189480
P43329,0,NA
P43652,8,16136825
P45425,0,NA
P45523,0,NA
P45577,0,NA
P45748,0,NA
P45799,0,NA
P45955,0,NA
P45974,7,14799657.142857144
P46459,2,5399005
P46783,6,5197948.333333333
P46837,0,NA
P46852,0,NA
P46853,0,NA
P46940,8,56043937.5
P47895,8,45294225
P48047,2,1447780
P48637,6,9471451.666666666
P48741,3,362251333.3333333
P49189,2,11918950
P49368,7,20096985.714285713
P49721,5,11331290
P50395,7,49559342.85714286
P50502,8,5920927.5
P50990,8,24723850
P50995,8,33331962.5
P51024,0,NA
P52037,0,NA
P52061,0,NA
P52209,8,113014100
P52565,8,32780500
P52643,0,NA
P52647,0,NA
P52697,0,NA
P52895,8,413234250
P52907,7,22735014.285714287
P52943,8,19889637.5
P54727,3,9923963.333333334
P55011,0,NA
P55058,8,192184750
P55072,8,173888125
P55786,4,7925165
P56537,1,16759700
P58546,8,12371970
P59665,8,2876941250
P59998,8,82518287.5
P60174,8,340905500
P60240,0,NA
P60293,0,NA
P60390,0,NA
P60422,0,NA
P60438,0,NA
P60624,0,NA
P60660,8,130681525
P60664,0,NA
P60709,8,2669920000
P60720,0,NA
P60723,0,NA
P60752,0,NA
P60757,0,NA
P60785,0,NA
P60903,7,8141618.571428572
P60906,0,NA
P60953,4,29226850
P60981,8,18999237.5
P61026,7,54619014.28571428
P61158,8,20671387.5
P61163,0,NA
P61175,0,NA
P61204,8,72644287.5
P61316,0,NA
P61517,0,NA
P61586,8,75187137.5
P61626,8,159240750000
P61714,0,NA
P61769,8,538775000
P61889,0,NA
P61916,7,21012047.14285714
P61949,0,NA
P61978,8,23269262.5
P61981,8,34107712.5
P62258,8,83908000
P62269,8,35360225
P62333,0,NA
P62399,0,NA
P62491,4,10011792.5
P62615,0,NA
P62620,0,NA
P62623,0,NA
P62707,0,NA
P62736,0,NA
P62768,0,NA
P62805,8,869812750
P62820,8,36182012.5
P62857,8,19723887.5
P62937,8,328259375
P62942,7,14182971.42857143
P63020,0,NA
P63104,8,286037250
P63177,0,NA
P63224,0,NA
P63228,0,NA
P63235,0,NA
P63284,0,NA
P63417,0,NA
P63883,0,NA
P64479,0,NA
P64490,0,NA
P64503,0,NA
P64506,0,NA
P64559,0,NA
P64581,0,NA
P64596,0,NA
P66817,0,NA
P67087,0,NA
P67910,0,NA
P68066,0,NA
P68104,8,390342125
P68133,8,2494005000
P68206,0,NA
P68363,8,106740075
P68366,8,233519375
P68371,8,272864125
P68402,3,67010933.333333336
P68567,0,NA
P68679,0,NA
P68739,0,NA
P68767,0,NA
P68919,0,NA
P69222,0,NA
P69441,0,NA
P69451,0,NA
P69503,0,NA
P69506,0,NA
P69776,0,NA
P69783,0,NA
P69786,0,NA
P69795,0,NA
P69797,0,NA
P69805,0,NA
P69811,0,NA
P69828,0,NA
P69829,0,NA
P69853,0,NA
P69908,0,NA
P69924,0,NA
P75797,0,NA
P75823,0,NA
P75838,0,NA
P75863,0,NA
P75864,0,NA
P75874,0,NA
P75913,0,NA
P75915,0,NA
P75949,0,NA
P75957,0,NA
P75960,0,NA
P76015,0,NA
P76034,0,NA
P76086,0,NA
P76097,0,NA
P76108,0,NA
P76113,0,NA
P76116,0,NA
P76121,0,NA
P76128,0,NA
P76143,0,NA
P76145,0,NA
P76176,0,NA
P76177,0,NA
P76187,0,NA
P76193,0,NA
P76215,0,NA
P76216,0,NA
P76217,0,NA
P76235,0,NA
P76251,0,NA
P76256,0,NA
P76290,0,NA
P76316,0,NA
P76346,0,NA
P76372,0,NA
P76402,0,NA
P76407,0,NA
P76503,0,NA
P76536,0,NA
P76558,0,NA
P76561,0,NA
P76569,0,NA
P76576,0,NA
P76594,0,NA
P76621,0,NA
P76658,0,NA
P77171,0,NA
P77202,0,NA
P77213,0,NA
P77247,0,NA
P77258,0,NA
P77318,0,NA
P77348,0,NA
P77395,0,NA
P77434,0,NA
P77454,0,NA
P77455,0,NA
P77488,0,NA
P77499,0,NA
P77522,0,NA
P77552,0,NA
P77581,0,NA
P77625,0,NA
P77674,0,NA
P77689,0,NA
P77695,0,NA
P77717,0,NA
P77718,0,NA
P77735,0,NA
P77739,0,NA
P77754,0,NA
P77756,0,NA
P77804,0,NA
P77808,0,NA
P78371,3,2629770
P78386,5,22505160
P78417,8,82533512.5
P80188,8,579574625
P80303,8,241650125
P80748,8,40754287.5
P81605,7,238968285.7142857
P98088,8,763834500
P98160,8,210967500
Q00610,8,10685650
Q01469,8,506237625
Q01518,8,68589687.5
Q02809,3,5858393.333333333
Q02818,8,30779975
Q04760,8,15941012.5
Q04917,7,12683040
Q05639,8,1114022000
Q06210,2,6901070
Q06323,8,53498887.5
Q06830,8,1125895000
Q08380,8,360453625
Q09666,8,77738987.5
Q12765,1,1183600
Q12931,7,132600714.28571428
Q13126,7,11429721.42857143
Q13162,7,35916314.28571428
Q13228,8,515729000
Q13421,8,1061355000
Q13442,0,NA
Q13630,7,7680107.142857143
Q13813,1,1258200
Q13938,8,20297762.5
Q14118,8,15790975
Q14247,8,21572850
Q14508,8,46223525
Q14515,8,31603275
Q14624,8,43440937.5
Q14697,8,150086500
Q14764,2,10522255
Q14847,7,23864471.42857143
Q14974,4,19841650
Q15084,4,35193700
Q15365,8,30490900
Q15782,8,45294025
Q16378,8,101922937500
Q16651,8,26060150
Q16851,8,32383912.5
Q19T08,3,100485500
Q2I0M4,4,8339527.5
Q2M7R5,0,NA
Q3ZCM7,8,30849512.5
Q46829,0,NA
Q46845,0,NA
Q46851,0,NA
Q46857,0,NA
Q46920,0,NA
Q46938,0,NA
Q46948,0,NA
Q47146,0,NA
Q562R1,8,1200456375
Q57261,0,NA
Q5D862,8,6619513.75
Q5VSP4,8,1353551250
Q6GTX8,0,NA
Q6MZM9,8,1132774000
Q6UXB2,8,50261087.5
Q6UXB3,8,10696197.5
Q6XQN6,7,15756028.57142857
Q6ZVX7,8,15636663.75
Q7Z406,8,113890750
Q8IVF2,8,202505250
Q8N1N4,8,9159067.5
Q8N474,8,201521375
Q8NFJ6,0,NA
Q8TAX7,8,3526753750
Q8WUM4,6,7157726.666666667
Q92743,8,81078137.5
Q92817,8,27696462.5
Q96DA0,8,323123750
Q96DR8,3,796647000
Q96FW1,8,12085603.75
Q96KP4,8,150171125
Q96PD5,7,12143800
Q96S96,7,39323785.71428572
Q96TA1,7,10168062.857142856
Q99497,8,22471912.5
Q99735,8,11581578.75
Q99935,8,11394158750
Q99954,8,4347766250
Q9BR76,8,42548687.5
Q9BRA2,8,19339012.5
Q9BW04,8,13100496.25
Q9GZZ8,8,81851987500
Q9H299,1,13106300
Q9H4A4,7,33205214.285714287
Q9HC38,6,22497500
Q9HCY8,7,2620482.8571428573
Q9NR45,7,27741785.714285713
Q9NRJ3,7,9638031.42857143
Q9NY33,5,2500622
Q9NZT1,8,31495362.5
Q9P1F3,1,2886550
Q9P1U1,6,23043866.666666668
Q9UBC9,8,30609312.5
Q9UBL6,8,5696251.25
Q9UBQ7,2,3235725
Q9UGM3,8,8429877500
Q9UHY7,6,6290571.666666667
Q9UL46,8,9035272.5
Q9Y5Z4,8,38369462.5
Q9Y6X0,0,NA
